<?xml version="1.0" encoding="UTF-8"?>
<world-crises>
	<crises>
		<crisis id="bangladesh-cyclone">
			<name>1991 Bangladesh cyclone</name>
			<alternate-names>Cyclone Gorky</alternate-names>
			<kind>Cyclone</kind>
			<description>The 1991 Bangladesh cyclone or Cyclone Gorky was a category 5 tropical cyclone that hit the Chittagong district of Bangladesh with winds of 155 mph. A large number of citizens did not receive adequate warning of the cyclone which resulted in a very large death and injury toll.</description>
			<location>
				<country>Bangladesh</country>
			</location>
			<images>
				<image>
					<source>http://lipna.files.wordpress.com/2008/04/cyclone1.gif</source>
					<description>A look at the devastation that was caused.</description>
				</image>
			</images>
			<videos>
				<youtube>LlztNnmlQhg</youtube>
			</videos>
			<social>
				<facebook>119522688093462</facebook>
			</social>
			<citations>
				<citation>
					<source>http://en.wikipedia.org/wiki/1991_Bangladesh_cyclone</source>
					<description>The wikipedia page for the crisis</description>
				</citation>
				<citation>
					<source>http://www.recoveryplatform.org/countries_and_disasters/disaster/2/bangladesh_cyclone_gorky_1991</source>
					<description>International Recovery Platform description of the	event.</description>
				</citation>
				<citation>
					<source>http://pdf.usaid.gov/pdf_docs/PNADG744.pdf</source>
					<description>The USAID analysis of the event.</description>
				</citation>
				<citation>
					<source>http://www.researchsea.com/html/article.php/aid/192/cid/6?PHPSESSID=iv01slo7pke5ugecqscg84o6u2</source>
					<description>A news article for the event.</description>
				</citation>
			</citations>
			<external-links />
			<start-date>1991-04-24T00:00:00</start-date>
			<end-date>1991-04-30T00:00:00</end-date>
			<human-impact>
				<deaths>138866</deaths>
				<missing>1225</missing>
				<injured>138894</injured>
				<displaced>10000000</displaced>
			</human-impact>
			<economic-impact>1780000000</economic-impact>
			<resources-needed>
				<resource>food</resource>
				<resource>water purification units</resource>
				<resource>filtered water</resource>
				<resource>medical device</resource>
				<resource>economic support</resource>
			</resources-needed>
			<ways-to-help>
				<way>donate to the red cross</way>
				<way>emergency preparedness education</way>
			</ways-to-help>
			<organization-refs>usaid</organization-refs>
			<person-refs>george-bush</person-refs>
		</crisis>
		<crisis id="rio-mudslides">
			<name>Rio de Janeiro Floods and Mudslides</name>
			<alternate-names>Rio de Janeiro Mudslides, January 2011 Rio de Janeiro Floods and Mudslides</alternate-names>
			<kind>Mudslide</kind>
			<description> Several floods and mudslides occurred in January 2011 in Rio de Janeiro, Brazil. There were 903 causalities with 424 in Nova Friburgo and 378 in Teresopolis and other causalities occurring in Petropolis, Sumiduoro, and Sao Jose de Vale de Rio Preto.  There were $1.2 billion in damages.  In a 24 hour period, there was more rainfall than was predicted for the entire month of January. The amount of rain triggered a series of deadly mudslides which left around 2906 people homeless.</description>
			<location>
				<city>Rio de Janeiro</city>
				<country>Brazil</country>
				<latitude>-22.7</latitude>
				<longitude>-42.3</longitude>
			</location>
			<images>
				<image>
					<source>http://inapcache.boston.com/universal/site_graphics/blogs/bigpicture/brazil_01_21/b04_26619767.jpg</source>
					<description>The slope on a hill where a landslide occurred in Nova Friburgo, 130 km north of Rio de Janeiro, Brazil, on January 13, 2011.</description>
				</image>
			</images>
			<videos>
				<youtube>rRtgFSpIkaw</youtube>
			</videos>
			<social>
				<facebook>147337775321678</facebook>
			</social>
			<citations>
				<citation>
					<source>http://www.msnbc.msn.com/id/41052937/ns/weather/t/we-were-zombies-brazil-mudslide-survivor-says/#.UIRADcXA8_c</source>
					<description>News Article on Mudslide effects</description>
				</citation>
				<citation>
					<source>http://www.bloomberg.com/news/2011-01-17/brazil-cities-hit-by-landslides-floods-will-need-1-2-billion-to-recover.html</source>
					<description>Explains the monetary damages due to the mudslides</description>
				</citation>
			</citations>
			<external-links></external-links>
			<start-date>2011-01-11T12:00:00</start-date>
			<end-date>2011-01-12T12:00:00</end-date>
			<human-impact>
				<deaths>903</deaths>
				<missing>0</missing>
				<injured>161</injured>
				<displaced>2960</displaced>
			</human-impact>
			<economic-impact>1200000000</economic-impact>
			<resources-needed>
				<resource>water</resource>
				<resource>food</resource>
				<resource>reconstruction workers</resource>
			</resources-needed>
			<ways-to-help>
				<way>help rebuild</way>
				<way>donate money</way>
			</ways-to-help>
			<organization-refs>adra</organization-refs>
			<person-refs>dilma-rousseff</person-refs>
		</crisis>
		<crisis id="colorado-wildfires">
			<name>Colorado Wildfires</name>
			<alternate-names>Colorado Wildfires 2012</alternate-names>
			<kind>Wildfire</kind>
			<description>Major wildfires in Colorado in 2012. This marks the worst wildfire season in Colorado History</description>
			<location>
				<state>CO</state>
				<country>United States</country>
			</location>
			<images>
				<image>
					<source>http://upload.wikimedia.org/wikipedia/commons/e/ec/High_Park_Wildfire_Arapaho_and_Roosevelt_National_Forests_June_10%2C_2012.jpg</source>
					<description>The High Park Wildfire, Thursday, June 10, 2012.</description>
				</image>
			</images>
			<videos>
				<youtube>zrZDxXqWSQw</youtube>
			</videos>
			<social>
				<facebook>HighParkFirePage</facebook>
			</social>
			<citations>
				<citation>
					<source>http://en.wikipedia.org/wiki/2012_Colorado_wildfires</source>
					<description>Wikipedia page for this event.</description>
				</citation>
				<citation>
					<source>http://helpcoloradonow.org</source>
					<description>Found resources needed and ways to help on this site.</description>
				</citation>
			</citations>
			<external-links>
				<external-link>
					<source>http://www.huffingtonpost.com/2012/08/31/waldo-canyon-fire-cause-o_n_1847121.html</source>
					<description>News article on the Waldo Canyon fire.</description>
				</external-link>
			</external-links>
			<start-date>2012-06-09T12:00:00</start-date>
			<end-date>2012-10-21T12:00:00</end-date>
			<human-impact>
				<deaths>5</deaths>
				<missing>0</missing>
				<injured>1</injured>
				<displaced>34500</displaced>
			</human-impact>
			<economic-impact>510000000</economic-impact>
			<resources-needed>
				<resource>Financial Support</resource>
				<resource>Volunteers</resource>
				<resource>VACANT Rental Properties</resource>
				<resource>Meal Donations from Restaurants</resource>
			</resources-needed>
			<ways-to-help>
				<way>Financial Support (most effective way to help!)</way>
				<way>Volunteer with a reputable organization</way>
				<way>Donate a vacant rental property or vacation home</way>
				<way>Hold a yard sale or other fund-raising event, and donate the proceeds to a relief organization</way>
				<way>Dial 211 (or 1-866-760-6489) for more information, or visit helpcoloradonow.org</way>
			</ways-to-help>
			<organization-refs>red-cross</organization-refs>
			<person-refs>john-hickenlooper</person-refs>
		</crisis>
		<crisis id="chilean-earthquake">
			<name>Chilean Earthquake</name>
			<alternate-names>2010 Chile Earthquake</alternate-names>
			<kind>Earthquake</kind>
			<description>On February 27, 2012 an 8.8 magnitude earthquake occured off the coast of Chile at 06:34 UTC. The earthquake ranks as the sixth largest earthquake recorded and was felt throughout most of Chile and many other South American countries. It also triggered a tsunami which damaged the south-central Chilean coast and areas in California and Japan. The earthquake caused a blackout that affected 93% of the country. Chile was declared to be in a "state of catastrophe" by President Michelle Bachelet.</description>
			<location>
				<country>Chile</country>
				<latitude>-35.909</latitude>
				<longitude>-72.733</longitude>
			</location>
			<images>
				<image>
					<source>http://inapcache.boston.com/universal/site_graphics/blogs/bigpicture/chile_02_27/c01_22413499.jpg</source>
					<description>Cars lie overturned after the highway they were traveling on was destroyed in the earthquake</description>
				</image>
				<image>
					<source>http://inapcache.boston.com/universal/site_graphics/blogs/bigpicture/chile_02_27/c07_22413183.jpg</source>
					<description>Smoke from a burning building fills the sky in the outskirts of Santiago after a huge 8.8-magnitude earthquake rocked Chile</description>
				</image>
			</images>
			<videos>
				<youtube>wOXyc1YDft0</youtube>
			</videos>
			<social>
				<facebook>savechile</facebook>
			</social>
			<citations>
				<citation>
					<source>http://en.wikipedia.org/wiki/2010_Chile_earthquake</source>
					<description>The Wikipedia article about the crisis</description>
				</citation>
				<citation>
					<source>http://earthquake.usgs.gov/earthquakes/eqinthenews/2010/us2010tfan/</source>
					<description>Information about the earthquake from U.S. Geological Survey</description>
				</citation>
			</citations>
			<external-links></external-links>
			<start-date>2012-02-27T06:34:14</start-date>
			<end-date>2012-02-27T06:37:00</end-date>
			<human-impact>
				<deaths>525</deaths>
				<missing>25</missing>
				<injured>12000</injured>
				<displaced>1500000</displaced>
			</human-impact>
			<economic-impact>22500000000</economic-impact>
			<resources-needed>
				<resource>Food</resource>
				<resource>Water</resource>
				<resource>Economic Support</resource>
			</resources-needed>
			<ways-to-help>
				<way>Donate to the Red Cross</way>
				<way>Donate to Save The Children</way>
				<way>emergency preparedness education</way>
			</ways-to-help>
			<organization-refs>save-the-children</organization-refs>
			<person-refs>michelle-bachlet</person-refs>
		</crisis>
	</crises>
	<organizations>
		<organization id="usaid">
			<name>United States Agency for International Development</name>
			<alternate-names>USAID</alternate-names>
			<kind>Government Agency</kind>
			<description>The USAID is a United States federal government agency that delivers aid to civilians in foreign countries. It was created in 1961 by President John F. Kennedy. They provide economic, development and humanitarian aid around the world.</description>
			<location>
				<city>Washington, D.C.</city>
				<country>United States</country>
			</location>
			<images>
				<image>
					<source>http://humanosphere.kplu.org/files/2010/10/USAID.png</source>
					<description>The USAID logo.</description>
				</image>
			</images>
			<videos>
				<youtube>55PmeNBtSPk</youtube>
			</videos>
			<social>
				<facebook>USAID</facebook>
			</social>
			<citations>
				<citation>
					<source>http://www.usaid.gov/</source>
					<description>The USAID homepage.</description>
				</citation>
				<citation>
					<source>http://en.wikipedia.org/wiki/United_States_Agency_for_International_Development</source>
					<description>The wikipedia page for the USAID</description>
				</citation>
			</citations>
			<external-links />
			<address>Information Center U.S. Agency for International Development Ronald Reagan Building Washington, D.C. 20523-1000</address>
			<phone>202-712-0000</phone>
			<crisis-refs>bangladesh-cyclone</crisis-refs>
			<person-refs>george-bush</person-refs>
		</organization>
		<organization id="red-cross">
			<name>American Red Cross</name>
			<alternate-names>Red Cross, American National Red Cross</alternate-names>
			<kind>Foundation</kind>
			<description>A volunteer-led, humanitarian organization that provides assistance and support for disaster relief in the United States. The organization was started in May 21, 1881 and is headquartered in Washington D.C. The current president is Gail J. McGovern.</description>
			<location>
				<city>Washington D.C.</city>
				<country>United States</country>
			</location>
			<images>
				<image>
					<source>http://upload.wikimedia.org/wikipedia/commons/1/1a/Flag_of_the_Red_Cross.svg</source>
					<description>The symbol of the American Red Cross</description>
				</image>
			</images>
			<videos>
				<youtube>z0b83hXXTmk</youtube>
			</videos>
			<social>
				<facebook>redcross</facebook>
			</social>
			<citations>
				<citation>
					<source>http://www.redcross.org/</source>
					<description>The American Red Cross Homepage</description>
				</citation>
			</citations>
			<external-links></external-links>
			<address>2025 E Street Washington, DC 20006</address>
			<phone>1-800-733-2767</phone>
			<crisis-refs>colorado-wildfires</crisis-refs>
			<person-refs>john-hickenlooper</person-refs>
		</organization>
		<organization id="save-the-children">
			<name>The Save the Children Fund</name>
			<alternate-names>Save the Children</alternate-names>
			<kind>Non-governmental organization</kind>
			<description>The Save the Children Fund is a non-governmental organization that promotes the rights of children. They provide food, medical care and education around the world in times of disaster. There are also 28 national versions of The Save the Children Fund around the globe.</description>
			<location>
				<city>London</city>
				<country>England</country>
			</location>
			<images>
				<image>
					<source>http://assets0.webkite.com/datas/385186.best/original/logo_save-the-children.jpeg?1300307622</source>
					<description>The Save the Children logo.</description>
				</image>
			</images>
			<videos>
				<youtube>sResQZ8Dw0E</youtube>
			</videos>
			<social>
				<facebook>savethechildren</facebook>
			</social>
			<citations>
				<citation>
					<source>http://www.savethechildren.org/</source>
					<description>The Save the Children homepage</description>
				</citation>
				<citation>
					<source>http://en.wikipedia.org/wiki/Save_the_Children</source>
					<description>The wikipedia page for the Save the Children</description>
				</citation>
			</citations>
			<external-links />
			<address>2000 L Street NW, Suite 500 Washington, DC 20036</address>
			<email>twebster@savechildren.org</email>
			<phone>1-800-728-3843</phone>
			<crisis-refs>chilean-earthquake</crisis-refs>
			<person-refs>michelle-bachlet</person-refs>
		</organization>
		<organization id="adra">
			<name>Adventist Development And Relief Agency</name>
			<alternate-names>ADRA</alternate-names>
			<kind>Humanitarian Agency</kind>
			<description>The Adventist Development and Relief Agency International is a humanitarian agency operated by the Seventh-day Adventist Church for the purpose of providing individual and community development and disaster relief. It was founded in 1956, and it is headquartered in Silver Spring, Maryland, United States of America.</description>
			<location>
				<city>Silver Spring</city>
				<state>MD</state>
				<country>United States</country>
			</location>
			<images>
				<image>
					<source>http://3.bp.blogspot.com/-OCWsk0u0_B8/TnzTwmWLIcI/AAAAAAAAAH8/0DVtSysB5cc/s1600/log_adra.jpg</source>
					<description>Logo of the ADRA</description>
				</image>
			</images>
			<videos>
				<youtube>TRM7912UbVM</youtube>
			</videos>
			<social>
				<facebook>joinADRA</facebook>
				<twitter>@ADRAIntl</twitter>
			</social>
			<citations>
				<citation>
					<source>http://www.adra.org</source>
					<description>ADRA homepage</description>
				</citation>
				<citation>
					<source>http://en.wikipedia.org/wiki/Adventist_Development_and_Relief_Agency</source>
					<description>Wikipedia page for the ADRA</description>
				</citation>
			</citations>
			<external-links></external-links>
			<address>12501 Old Columbia Pike Silver Spring, MD 20904</address>
			<phone>1-800-424-2372</phone>
			<crisis-refs>rio-mudslides</crisis-refs>
			<person-refs>dilma-rousseff</person-refs>
		</organization>
	</organizations>
	<people>
		<person id="dilma-rousseff">
			<name>Dilma Rousseff</name>
			<alternate-names></alternate-names>
			<kind>President of Brazil</kind>
			<description>Dilma Rousseff is the 36th President of Brazil. She is the first female elected president of Brazil, as well as the first economist to hold the office.</description>
			<location>
				<city>Belo Horizonte</city>
				<country>Brazil</country>
			</location>
			<images>
				<image>
					<source>http://upload.wikimedia.org/wikipedia/commons/8/81/Dilma_Rousseff_-_foto_oficial_2011-01-09.jpg</source>
					<description>Official photo of President Rousseff</description>
				</image>
			</images>
			<videos>
				<youtube>3g7NuwjJu9g</youtube>
			</videos>
			<social>
				<facebook>SiteDilmaRousseff</facebook>
			</social>
			<citations>
				<citation>
					<source>http://en.wikipedia.org/wiki/Dilma_Rousseff</source>
					<description>The Wikipedia page for Dilma Rousseff.</description>
				</citation>
			</citations>
			<external-links />
			<crisis-refs>rio-mudslides</crisis-refs>
			<organization-refs>adra</organization-refs>
		</person>
		<person id="george-bush">
			<name>George H.W. Bush</name>
			<alternate-names>George Bush</alternate-names>
			<kind>U.S. President</kind>
			<description>41st President of the United States from 1989-1993. Was Vice President during Reagan's term, from 1981 to 1989. He is the father of George W. Bush, and Jeb Bush.</description>
			<location>
				<city>Milton</city>
				<state>MA</state>
				<country>United States</country>
				<latitude>42.2494</latitude>
				<longitude>-71.0667</longitude>
			</location>
			<images>
				<image>
					<source>http://upload.wikimedia.org/wikipedia/commons/thumb/0/0f/George_H._W._Bush,_President_of_the_United_States,_1989_official_portrait.jpg/220px-George_H._W._Bush,_President_of_the_United_States,_1989_official_portrait.jpg</source>
					<description>George H.W. Bush</description>
				</image>
			</images>
			<videos>
				<youtube>4S2ptmXsxzs</youtube>
			</videos>
			<social>
				<facebook>georgebush41</facebook>
			</social>
			<citations>
				<citation>
					<source>http://www.whitehouse.gov/about/presidents/georgehwbush</source>
					<description>White House Official Website</description>
				</citation>
			</citations>
			<external-links />
			<crisis-refs>bangladesh-cyclone</crisis-refs>
			<organization-refs>usaid</organization-refs>
		</person>
		<person id="john-hickenlooper">
			<name>John Hickenlooper</name>
			<kind>Politician</kind>
			<description>John Hickenlooper is currently the Governor of Colorado. Before this position he was the Mayor of Denver for 8 years. Previous to his involvement in politics he was a geologist and a founder of the Wynkoop Brewing Company.</description>
			<location>
				<city>Narberth</city>
				<state>PA</state>
				<country>United States</country>
			</location>
			<images>
				<image>
					<source>http://upload.wikimedia.org/wikipedia/commons/thumb/5/56/John_Hickenlooper_-_World_Economic_Forum_Annual_Meeting_2012_cropped.jpg/220px-John_Hickenlooper_-_World_Economic_Forum_Annual_Meeting_2012_cropped.jpg</source>
					<description>John Hickenlooper</description>
				</image>
			</images>
			<videos>
				<youtube>D8sgXZmswo8</youtube>
			</videos>
			<social>
				<facebook>JohnHickenlooper</facebook>
				<twitter>@hickforco</twitter>
			</social>
			<citations>
				<citation>
					<source>http://en.wikipedia.org/wiki/John_Hickenlooper</source>
					<description>The Wikipedia page for John Hickenlooper.</description>
				</citation>
			</citations>
			<external-links />
			<crisis-refs>colorado-wildfires</crisis-refs>
			<organization-refs>red-cross</organization-refs>
		</person>
		<person id="michelle-bachlet">
			<name>Michelle Bachelet</name>
			<alternate-names>Veronica Michelle Bachelet Jeria</alternate-names>
			<kind>Chile President</kind>
			<description>Bachlet was the President of Chile from 2006 to 2010. She was the first female president of Chile.</description>
			<location>
				<city>Santiago</city>
				<country>Chile</country>
				<latitude>-33.270</latitude>
				<longitude>-70.400</longitude>
			</location>
			<images>
				<image>
					<source>http://upload.wikimedia.org/wikipedia/commons/c/c8/Michele_Bachelet_%282009%29.jpg</source>
					<description>Picture of Michelle Bachelet after a UN event</description>
				</image>
			</images>
			<videos>
				<youtube>i8I9w3F753A</youtube>
			</videos>
			<social>
				<facebook>8459707345</facebook>
			</social>
			<citations>
				<citation>
					<source>http://www.britannica.com/EBchecked/topic/1009973/Michelle-Bachelet</source>
					<description>Encyclopedia Britannica</description>
				</citation>
			</citations>
			<external-links />
			<crisis-refs>chilean-earthquake</crisis-refs>
			<organization-refs>save-the-children</organization-refs>
		</person>
	</people>
</world-crises>
