<?xml version="1.0" encoding="UTF-8"?>
<world-crises>
    <crises>
        <crisis id="joplin-tornado">
            <name>Joplin Tornado</name>
            <alternate-names>2011 Joplin Tornado</alternate-names>
            <kind>Natural Disaster</kind>
            <description>An EF5 tornado with winds in excess of 200 mph devastated the city of Joplin in 2011</description>
            <location>
                <city>Joplin</city>
                <state>MO</state>
                <country>United States</country> 
            </location>
            <images>
                <image>
                    <source>http://i2.cdn.turner.com/money/2011/05/24/news/economy/tornado_joplin/joplin-mo-tornado-damage.top.jpg</source>
                    <description> Joplin after the tornado </description>
                </image>
            </images>
            <maps>
                <map>
                    <source>https://maps.google.com/maps?q=joplin,+MO&amp;hl=en&amp;sll=30.307761,-97.753401&amp;sspn=0.61295,1.391144&amp;t=h&amp;hnear=Joplin,+Jasper,+Missouri&amp;z=11</source>
                    <description>Joplin map</description>
                </map>
            </maps>
            <videos>
                <youtube>XT7CtF5ljxY</youtube>
            </videos>
            <social>
                <twitter>#JoplinTornado</twitter>
            </social>
            <citations>
                <citation> 
                    <source>http://en.wikipedia.org/wiki/2011_Joplin_tornado</source>
                    <description>Wikipedia</description>
                </citation>
                <citation> 
                    <source>http://www.nbcnews.com/technology/technolog/joplin-tornado-how-help-123103</source>
                    <description>nbcnews article on how to help</description>
                </citation>
            </citations>
            <external-links>
                <external-link>
                    <source>http://www.joplinmo.org/</source>
                    <description>Joplin's Official Website</description>
                </external-link>
            </external-links>
            <start-date>2011-05-22T17:34:00</start-date>
            <end-date>2011-05-22T18:12:00</end-date>
            <human-impact>
                <deaths>158</deaths>
                <missing>1300</missing>
                <injured>1000</injured>
            </human-impact>
            <economic-impact>2800000000</economic-impact>
            <resources-needed>
                <resource>food</resource>
                <resource>construction materials</resource>
                <resource>cleaning supplies</resource>
                <resource>personal hygiene items</resource>
                <resource>volunteers</resource>
            </resources-needed>
            <ways-to-help>
                <way>Donate money to Rebuild Joplin</way>
                <way>Donate to the Joplin Red Cross</way>
                <way>Donate blood to the Community Blood Center of the Ozarks</way>
                <way>Volunteer</way>
            </ways-to-help>
            <organization-refs>american-red-cross</organization-refs>
			<person-refs>taylor-swift</person-refs>
        </crisis>
        
        <crisis id="bastrop-county-wildfire">
            <name>Bastrop County Wildfire</name>
            <alternate-names>Bastrop Wildfire</alternate-names>
            <kind>Natural Disaster</kind>
            <description>A major wildfire struck the Bastrop County in Texas burning 34,356 acres. It was the most destructive wildfire in Texas history</description>
            <location>
                <city>Bastrop</city>
                <state>TX</state>
                <country>United States</country> 
            </location>
            <images>
                <image> 
                    <source>http://www.topsecretwriters.com/wp-content/uploads/2012/04/bastropwildfire.jpg</source>
                    <description>Wildfire</description>
                </image>
            </images>
            <maps>
                <map>
                    <source>https://maps.google.com/maps?q=bastrop+county&amp;amphl=en&amp;ll=30.045322,-97.351227&amp;spn=0.634796,1.362305&amp;sll=37.084227,-94.513281&amp;sspn=0.29251,0.681152&amp;t=h&amp;hnear=Bastrop,+Texas&amp;z=10</source>
                    <description>Bastrop County Map</description>
                </map>
            </maps>
            <videos>
                <youtube>o5uaR2uSVx4</youtube>
            </videos>
            <social>
                <twitter>#centraltxfires</twitter>
            </social>
            <citations>
                <citation> 
                    <source>http://en.wikipedia.org/wiki/Bastrop_County_Complex_fire</source>
                    <description>Wikipedia</description>
                </citation>
                <citation> 
                    <source>http://www.kxan.com/dpp/news/local/bastrop/resources-were-no-match-for-bastrop-fire</source>
                    <description>kxan article the wildfire</description>
                </citation>
            </citations>
            <external-links>
                <external-link>
                    <source>http://www.insurancecouncil.org/news/2011/Dec082011.pdf</source>
                    <description>Report of Losses due to Wildfire</description>
                </external-link>
                <external-link>
                    <source>http://www.bastroprelief.org/</source>
                    <description>Bastrop Relief Website</description>
                </external-link>
            </external-links>
            <start-date>2011-09-04T15:02:00</start-date>
            <end-date>2011-10-10T20:00:00</end-date>
            <human-impact>
                <deaths>2</deaths>
                <missing>17</missing>
                <displaced>5000</displaced>
            </human-impact>
            <economic-impact>325000000</economic-impact>
            <resources-needed>
                <resource>construction materials</resource>
                <resource>food</resource>
                <resource>household appliances</resource>
                <resource>furniture</resource>
                <resource>volunteers</resource>
            </resources-needed>
            <ways-to-help>
                <way>Donate money at BastropRelief.org</way>
                <way>Help with debris cleanup</way>
                <way>Replant trees in the area</way>
                <way>Donate food and goods</way>
                <way>Volunteer</way>
            </ways-to-help>
            <organization-refs>texas-military-forces</organization-refs>
			<person-refs>rick-perry</person-refs>
        </crisis>
        
        <crisis id="kashmir-earthquake">
            <name>Kashmir Earthquake</name>
            <alternate-names>2005 Kashmir Earthquake</alternate-names>
            <kind>Natural Disaster</kind>
            <description>The Earthquake that struck Kashmir in 2005 with a magnitude of 7.6 was the 17th deadliest earthquake of all times</description>
            <location>
                <city>Muzaffarabad</city>
                <state>NA</state>
                <country>Pakistan</country> 
            </location>
            <images>
                <image>
                    <source>http://www.tiptoptens.com/wp-content/uploads/2011/03/2005-Kashmir-earthquake.jpg</source>
                    <description>Kashmir Earthquake: Bridge collapsing</description>
                </image>
            </images>
            <maps>
                <map>
                    <source>https://maps.google.com/maps?q=muzaffarabad+google+map&amp;hl=en&amp;safe=off&amp;hnear=Muzaffarabad&amp;gl=us&amp;t=m&amp;view=map&amp;z=12</source>
                    <description>Muzaffarabad Map</description>
                </map>
            </maps>
            <videos>
                <youtube>g3ieusxKQ_w</youtube>
            </videos>
            <social>
                <twitter>#kashmirearthquake</twitter>
            </social>
            <citations>
                <citation> 
                    <source>http://en.wikipedia.org/wiki/2005_Kashmir_earthquake</source>
                    <description>Wikipedia</description>
                </citation>
                <citation> 
                    <source>https://www.eeri.org/lfe/pdf/kashmir_eeri_2nd_report.pdf</source>
                    <description>EERI Special Earthquake Report</description>
                </citation>
            </citations>
            <external-links>
                <external-link>
                    <source>http://www.kashmirrelief.org/</source>
                    <description>Kashmir Relief Website</description>
                </external-link>
                <external-link>
                    <source>http://bilquisedhiusa.org/donate.html</source>
                    <description>Donate to Bilquis Edhi USA</description>
                </external-link>
            </external-links>
            <start-date>2005-10-08T08:52:37</start-date>
            <end-date>2005-10-08T08:58:00</end-date>
            <human-impact>
                <deaths>79000</deaths>
                <injured>106000</injured>
            </human-impact>
            <economic-impact>5400000000</economic-impact>
            <resources-needed>
                <resource>rescue workers</resource>
                <resource>rescue equipment</resource>
                <resource>food</resource>
                <resource>medical supplies</resource>
                <resource>blankets</resource>
            </resources-needed>
            <ways-to-help>
                <way>Donate money</way>
                <way>Volunteer</way>
                <way>Donate food and clothes</way>
            </ways-to-help>
            <organization-refs>edhi-foundation</organization-refs>
			<person-refs>abdul-sattar-edhi</person-refs>
        </crisis>
        
        <crisis id="java-earthquake">
            <name>Java Earthquake</name>
            <alternate-names>2006 Java Earthquake</alternate-names>
            <kind>Natural Disaster</kind>
            <description>In 2006 an earthquake of magnitude 6.3 in the island of Java, Indonesia. It is believed that the earthquake was related to the eruption of volcano Merapi.</description>
            <location>
                <city>Yogyakarta</city>
                <state>NA</state>
                <country>Indonesia</country> 
            </location>
            <images>
                <image>
                    <source>http://www.oxfam.org.nz/imgs/whatwedo/Emergencies/indo_earthquake1.jpg</source>
                    <description>Destruction in Indonesia after the Earthquake</description>
                </image>
            </images>
            <maps>
                <map>
                    <source>https://maps.google.com/maps?q=java+indonesia&amp;hl=en&amp;ll=-7.612998,110.714722&amp;spn=2.907187,5.449219&amp;sll=34.359687,73.471054&amp;sspn=0.151345,0.340576&amp;gl=us&amp;hnear=Java&amp;t=m&amp;z=8</source>
                    <description>Java Indonesia Map</description>
                </map>
            </maps>
            <videos>
                <youtube>WOAdtf1Mg7U</youtube>
            </videos>
            <social>
                <twitter>#javaearthquake</twitter>
            </social>
            <citations>
                <citation> 
                    <source>http://en.wikipedia.org/wiki/May_2006_Java_earthquake</source>
                    <description>Wikipedia</description>
                </citation>
                <citation> 
                    <source>http://earthquake.usgs.gov/earthquakes/recenteqsww/Quakes/usneb6.php#details</source>
                    <description>Earthquake Details from USGS</description>
                </citation>
            </citations>
            <external-links>
                <external-link>
                    <source>http://www.rescue.org/where/indonesia</source>
                    <description>Donate to IRC in Indonesia</description>
                </external-link>
                <external-link>
                    <source>http://www.oxfam.org.nz/what-we-do/emergencies/previous-emergencies/java-earthquake-2006</source>
                    <description>OXFAM help for Java Earthquake</description>
                </external-link>
            </external-links>
            <start-date>2006-05-27T05:54:00</start-date>
            <human-impact>
                <deaths>5782</deaths>
                <injured>36299</injured>
                <displaced>1500000</displaced>
            </human-impact>
            <economic-impact>3100000000</economic-impact>
            <resources-needed>
                <resource>farming tools</resource>
                <resource>equipment to build home</resource>
                <resource>food</resource>
                <resource>money to stimulate economy</resource>
            </resources-needed>
            <ways-to-help>
                <way>Make a donation to the IRC</way>
                <way>Volunteer</way>
                <way>Donate food and clothes</way>
            </ways-to-help>
            <organization-refs>international-rescue-committee</organization-refs>
			<person-refs>susilo-bambang-yudhoyono</person-refs>
        </crisis>
    </crises>
    <organizations>
        
        <organization id="american-red-cross">
            <name>American Red Cross</name>
            <alternate-names>Red Cross</alternate-names>
            <kind>Humanitarian</kind>
            <description>Founded in May 21, 1881 by Clara Barton</description>
            <location>
                <city>Washington</city>
                <state>DC</state>
                <country>United States</country> 
            </location>
            <images>
                <image>
                    <source>http://westshore.redcross.org/images/American_Red_Cross_Logo.jpg</source>
                    <description>Red Cross Logo</description>
                </image>
            </images>
            <maps>
                <map>
                    <source>https://maps.google.com/maps?q=American+Red+Cross+National+Headquarters,+E+Street+Northwest,+Washington,+DC&amp;hl=en&amp;sll=30.307761,-97.753401&amp;sspn=0.61295,1.391144&amp;oq=american+red+cross+head&amp;t=h&amp;hq=American+Red+Cross+National+Headquarters,+E+Street+Northwest,+Washington,+DC&amp;z=15</source>
                    <description>Red Cross DC Headquarters Map</description>
                </map>
            </maps>
            <videos>
                <youtube>z0b83hXXTmk</youtube>
            </videos>
            <social>
                <facebook>redcross</facebook>
                <twitter>@RedCross</twitter>
            </social>
            <citations>
                <citation> 
                    <source>http://en.wikipedia.org/wiki/American_Red_Cross</source>
                    <description>Wikipedia</description>
                </citation>
            </citations>
            <external-links>
                <external-link>
                    <source>http://www.redcross.org/</source>
                    <description>Red Cross Official Website</description>
                </external-link>
            </external-links>
            <address>2025 E Street, Washington, DC 20006</address>
            <phone>202-303-4498</phone>
            <crisis-refs>joplin-tornado</crisis-refs>
			<person-refs>taylor-swift</person-refs>
        </organization>
        
        <organization id="international-rescue-committee">
            <name>IRC</name>
            <alternate-names>IRC</alternate-names>
            <kind>Humanitarian</kind>
            <description>The IRC is a not-for-profit organization that was founded in 1933 at the request of Albert Einstein. The organization promises to arrive at the location of an emergency within 72 hours and provides support for as long as needed.</description>
            <location>
                <city>New York</city>
                <state>NY</state>
                <country>United States</country> 
            </location>
            <images>
                <image>
                    <source>http://upload.wikimedia.org/wikipedia/en/3/33/Irc_logo.png</source>
                    <description>IRC Logo</description>
                </image>
            </images>
            <maps>
                <map>
                    <source>https://maps.google.com/maps?q=122+East+42nd+Street,+New+York,+New+York+10168-1289&amp;hl=en&amp;sll=30.307761,-97.753401&amp;sspn=0.61295,1.391144&amp;t=h&amp;hnear=122+E+42nd+St,+New+York,+10017&amp;z=14</source>
                    <description>IRC NYC Headquarters Map</description>
                </map>
            </maps>
            <videos>
                <youtube>QEpggjxIsFA</youtube>
            </videos>
            <social>
                <facebook>InternationalRescueCommittee</facebook>
                <twitter>@theIRC</twitter>
				
            </social>
            <citations>
                <citation>
                    <source>http://www.rescue.org/</source>
                    <description>IRC Official Website</description>
                </citation>
            </citations>
            <external-links>
                <external-link>
                    <source>http://en.wikipedia.org/wiki/International_Rescue_Committee</source>
                    <description>Wikipedia</description>
                </external-link>
            </external-links>
            <address>122 East 42nd Street, New York, New York 10168-1289</address>
            <email>DonorServices@Rescue.org</email>
            <phone>+1212-551-3000</phone>
            <crisis-refs>java-earthquake</crisis-refs>
			<person-refs>susilo-bambang-yudhoyono</person-refs>
        </organization>
        
        <organization id="texas-military-forces">
            <name>Texas Military Forces</name>
            <alternate-names>Texas National Guard</alternate-names>
            <kind>Military</kind>
            <description>The Texas National Guard was established on February 18, 1823 by Stephen F. Austin. It has the following three branches: the Texas Army National Guard, the Texas Air National Guard, and the Texas State Guard.</description>
            <location>
                <city>Austin</city>
                <state>TX</state>
                <country>United States</country> 
            </location>
            <images>
                <image>
                    <source>http://profile.ak.fbcdn.net/hprofile-ak-prn1/71099_10150112846340368_7717381_n.jpg</source>
                    <description>Texas National Guard Logo</description>
                </image>
            </images>
            <maps>
                <map>
                    <source>https://maps.google.com/maps?q=Camp+Mabry+Texas+National+Guard,+Austin,+TX&amp;amp;hl=en&amp;amp;sll=38.89635,-77.045633&amp;amp;sspn=0.017836,0.042572&amp;amp;oq=Camp+Mabry&amp;amp;t=h&amp;amp;hq=Camp+Mabry+Texas+National+Guard,+Austin,+TX&amp;amp;z=15</source>
                    <description>Texas Military Forces Headquarters Map</description>
                </map>
            </maps>
            <videos>
                <youtube>zG3hwVB3rBQ</youtube>
            </videos>
            <social>
                <facebook>TexasMilitaryForces</facebook>
                <twitter>@TXMilitaryForce</twitter>
            </social>
            <citations>
                <citation>
                    <source>http://www.txmf.us/</source>
                    <description>Texas Military Forces Official Website</description>
                </citation>
            </citations>
            <external-links>
                <external-link>
                    <source>http://en.wikipedia.org/wiki/Texas_Military_Forces</source>
                    <description>Wikipedia</description>
                </external-link>
            </external-links>
            <address>2200 W 35th St, Camp Mabry, Bldg 8 Austin, TX 787039</address>
            <email>PAOTX@tx.ngb.army.mil</email>
            <phone>+1512-782-5001</phone>
            <crisis-refs>bastrop-county-wildfire</crisis-refs>
			<person-refs>rick-perry</person-refs>
        </organization>
        
        <organization id="edhi-foundation">
            <name>Edhi Foundation</name>
            <alternate-names>Texas National Guard</alternate-names>
            <kind>Humanitarian</kind>
            <description>Founded in 1951 by Abdul Sattar Edhi.</description>
            <location>
                <city>Karachi</city>
                <state>NA</state>
                <country>Pakistan</country> 
            </location>
            <images>
                <image>
                    <source>http://upload.wikimedia.org/wikipedia/en/0/0e/Edhifoundation.png</source>
                    <description>Edhi Foundation Logo</description>
                </image>
            </images>
            <maps>
                <map>
                    <source>https://maps.google.com/maps?q=Karachi,+Pakistan+edhi+foundation&amp;hl=en&amp;sll=30.281602,-97.753601&amp;sspn=0.613113,1.391144&amp;t=h&amp;hq=edhi+foundation&amp;hnear=Karachi,+Karachi+District,+Sindh,+Pakistan&amp;z=12</source>
                    <description>Edhi Foundation Headquarters Map</description>
                </map>
            </maps>
            <videos>
                <youtube>hcDfP6X11s8</youtube>
            </videos>
            <social>
                <facebook>Edhifoundation</facebook>
                <twitter>@edhifoundation</twitter>
            </social>
            <citations>
                <citation>
                    <source>http://en.wikipedia.org/wiki/Edhi_Foundation</source>
                    <description>Wikipedia</description>
                </citation>
            </citations>
            <external-links>
                <external-link>
                    <source>http://www.edhi.org/</source>
                    <description>Edhi Foundation Official Website</description>
                </external-link>
            </external-links>
            <address>Edhi Welfare Centre, ST.N.LY-10 Servay.NO.101 OLD.NO.4-4/46, behind Kakri Ground Floor, Picture Road, Karachi, Pakistan</address>
            <email>edhikarachi@hotmail.com</email>
            <phone>+92-21-32443158</phone>
            <crisis-refs>kashmir-earthquake</crisis-refs>
			<person-refs>abdul-sattar-edhi</person-refs>
        </organization>
        
    </organizations>
    <people>
        
        <person id="taylor-swift">
            <name>Taylor Swift</name>
            <alternate-names>Taylor Alison Swift</alternate-names>
            <kind>Singer</kind>
            <description>Taylor Swift moved to Nashville, TN when she was fourteen years old to pursue a career in country music. She became a country star in 2006 with her album entitled "Taylor Swift."</description>
            <location>
                <city>Wyomissing</city>
                <state>PA</state>
                <country>United States</country> 
            </location>
            <images>
                <image>
                    <source>http://www.955fmwsm.com/Portals/6/taylor%20swift%20blonde%20hair.jpg</source>
                    <description>Taylor Swift's Photo</description>
                </image>
            </images>
            <maps>
                <map>
                    <source>https://maps.google.com/maps?q=Wyomissing,+Pennsylvania&amp;hl=en&amp;sll=30.307761,-97.753401&amp;sspn=0.61295,1.391144&amp;t=h&amp;hnear=Wyomissing,+Berks,+Pennsylvania&amp;z=13</source>
                    <description>Taylor Swift's city of birth Map</description>
                </map>
            </maps>
            <videos>
                <youtube>WA4iX5D9Z64</youtube>
            </videos>
            <social>
                <facebook>TaylorSwift</facebook>
                <twitter>@taylorswift13</twitter>
            </social>
            <citations>
                <citation> 
                    <source>http://en.wikipedia.org/wiki/Taylor_Swift</source>
                    <description>Wikipedia</description>
                </citation>
                <citation> 
                    <source>http://www.huffingtonpost.com/2011/05/25/taylor-swift-tornado-victims_n_866867.html</source>
                    <description>Taylor Swift helps Joplin</description>
                </citation>
            </citations>
            <external-links>
                <external-link>
                    <source>http://taylorswift.com/</source>
                    <description>Taylor Swift's Official Website</description>
                </external-link>
            </external-links>
            <crisis-refs>joplin-tornado</crisis-refs>
			<organization-refs>american-red-cross</organization-refs>
        </person>
        
        <person id="abdul-sattar-edhi">
            <name>Abdul Sattar Edhi</name>
            <alternate-names>Abdul Edhi</alternate-names>
            <kind>Humanitarian</kind>
            <description>Abdul Sattar Edhi is a Pakistani philanthropist known for international humanitarian work.</description>
            <location>
                <city>Karachi</city>
                <state>NA</state>
                <country>Pakistan</country> 
            </location>
            <images>
                <image>
                    <source>http://upload.wikimedia.org/wikipedia/commons/thumb/6/6e/Abdul_Sattar_Edhi.jpg/220px-Abdul_Sattar_Edhi.jpg</source>
                    <description>Abdul Sattar Edhi's Photo</description>
                </image>
            </images>
            <maps>
                <map>
                    <source>https://maps.google.com/maps?q=Karachi,+Sindh,+Pakistan&amp;hl=en&amp;sll=30.307761,-97.753401&amp;sspn=0.633108,1.362305&amp;oq=karachi&amp;hnear=Karachi,+Karachi+District,+Sindh,+Pakistan&amp;t=m&amp;z=9</source>
                    <description>Abdul Sattar Edhi's city of birth Map</description>
                </map>
            </maps>
            <videos>
                <youtube>hcDfP6X11s8</youtube>
            </videos>
            <social>
                <twitter>#abduledhi</twitter>
            </social>
            <citations>
                <citation> 
                    <source>http://en.wikipedia.org/wiki/Abdul_Sattar_Edhi</source>
                    <description>Wikipedia</description>
                </citation>
            </citations>
            <external-links>
                <external-link>
                    <source>http://www.telegraph.co.uk/news/worldnews/asia/pakistan/8440920/The-day-I-met-Abdul-Sattar-Edhi-a-living-saint.html</source>
                    <description>Article on Abdul Sattar Edhi</description>
                </external-link>
            </external-links>
            <crisis-refs>kashmir-earthquake</crisis-refs>
			<organization-refs>edhi-foundation</organization-refs>
        </person>
        
        <person id="susilo-bambang-yudhoyono">
            <name>Susilo Yudhoyono</name>
            <alternate-names>Susilo Yudhoyono</alternate-names>
            <kind>Political Leader</kind>
            <description>Susilo Bambang Yudhoyono is an Indonesian politician, retired army officer and President of Indonesia since 2004.</description>
            <location>
                <city>Tremas</city>
                <state>NA</state>
                <country>Indonesia</country> 
            </location>
            <images>
                <image>
                    <source>http://upload.wikimedia.org/wikipedia/commons/d/d6/SusiloBambangYudhoyono.jpg</source>
                    <description>Susilo Bambang Yudhoyono's Photo</description>
                </image>
            </images>
            <maps>
                <map>
                    <source>https://maps.google.com/maps?q=Tremas,+Arjosari,+Jawa+Timur,+Indonesia&amp;hl=en&amp;sll=30.307761,-97.753401&amp;sspn=0.61295,1.391144&amp;oq=Tremas+In&amp;t=h&amp;hnear=Tremas,+Arjosari,+Pacitan,+East+Java,+Indonesia&amp;z=12</source>
                    <description>Susilo Bambang Yudhoyono's city of birth Map</description>
                </map>
            </maps>
            <videos>
                <youtube>SBX4W4iMxxQ</youtube>
            </videos>
            <social>
                <facebook>sbyudhoyono</facebook>
                <twitter>@presidenSBY</twitter>
            </social>
            <citations>
                <citation> 
                    <source>http://en.wikipedia.org/wiki/Susilo_Bambang_Yudhoyono</source>
                    <description>Wikipedia</description>
                </citation>
            </citations>
            <external-links>
                <external-link>
                    <source>http://www.britannica.com/EBchecked/topic/1004908/Susilo-Bambang-Yudhoyono</source>
                    <description>Britannica</description>
                </external-link>
            </external-links>
            <crisis-refs>java-earthquake</crisis-refs>
			<organization-refs>international-rescue-committee</organization-refs>
        </person>
        
        <person id="rick-perry">
            <name>Rick Perry</name>
            <alternate-names>James Richard Perry</alternate-names>
            <kind>Political Leader</kind>
            <description>Rick Perry is the current Governor of Texas.</description>
            <location>
                <city>Paint Creek</city>
                <state>TX</state>
                <country>United States</country> 
            </location>
            <images>
                <image>
                    <source>http://governor.state.tx.us/multimedia/photos/gov-perry-headshot.jpg</source>
                    <description>Rick Perry's Photo</description>
                </image>
            </images>
            <maps>
                <map>
                    <source>https://maps.google.com/maps?q=Paint+Creek,+TX&amp;hl=en&amp;sll=30.307761,-97.753401&amp;sspn=0.61295,1.391144&amp;oq=paint+creek,+TX&amp;t=h&amp;hnear=Paint+Creek&amp;z=7</source>
                    <description>Rick Perry's city of birth Map</description>
                </map>
            </maps>
            <videos>
                <youtube>vpH435AJhl4</youtube>
            </videos>
            <social>
                <facebook>GovernorPerry</facebook>
                <twitter>@GovernorPerry</twitter>
            </social>
            <citations>
                <citation> 
                    <source>http://en.wikipedia.org/wiki/Rick_Perry</source>
                    <description>Wikipedia</description>
                </citation>
            </citations>
            <external-links>
                <external-link>
                    <source>http://governor.state.tx.us/</source>
                    <description>Official Website of the Office of the Governor</description>
                </external-link>
            </external-links>
            <crisis-refs>bastrop-county-wildfire</crisis-refs>
			<organization-refs>texas-military-forces</organization-refs>
        </person>
		
    </people>
</world-crises>
