<?xml version="1.0"?>
<!--This is just an outline of what I think the XML will look like
None of the data is correct and a lot is missing, but I wanted to
get something going so we had a place to start. -->

<world-crises>
    
    <crises>
        <crisis id="thai_flood">
            <name>2011 Thailand floods</name>
            <kind>Natural Disaster</kind>
            <description>Severe flooding occurred during the 2011 monsoon season in Thailand. Beginning at the end of July triggered by the landfall of Tropical Storm Nock-ten, flooding soon spread through the provinces of Northern, Northeastern and Central Thailand along the Mekong and Chao Phraya river basins</description>
            <location>
                <country>Thailand and Cambodia</country>		
            </location>
			<images>
                <image>
                    <source>http://grambo-cs373-wc.appspot.com/resources/img/TFpics/s_t01_RTR2R6LH.jpg</source>
                    <description>image</description>
                </image>
				<image>
                    <source>http://grambo-cs373-wc.appspot.com/resources/img/TFpics/s_t02_RTR2RPP6.jpg</source>
                    <description>image</description>
                </image>
				<image>
                    <source>http://grambo-cs373-wc.appspot.com/resources/img/TFpics/s_t03_23986705.jpg</source>
                    <description>image</description>
                </image>
				<image>
                    <source>http://grambo-cs373-wc.appspot.com/resources/img/TFpics/s_t04_29029620.jpg</source>
                    <description>image</description>
                </image>
				<image>
                    <source>http://grambo-cs373-wc.appspot.com/resources/img/TFpics/s_t05_28810176.jpg</source>
                    <description>image</description>
                </image>
				<image>
                    <source>http://grambo-cs373-wc.appspot.com/resources/img/TFpics/s_t06_RTR2SBUL.jpg</source>
                    <description>image</description>
                </image>
				<image>
                    <source>http://grambo-cs373-wc.appspot.com/resources/img/TFpics/s_t07_09010856.jpg</source>
                    <description>image</description>
                </image>
				<image>
                    <source>http://grambo-cs373-wc.appspot.com/resources/img/TFpics/s_t08_21933673.jpg</source>
                    <description>image</description>
                </image>
				<image>
                    <source>http://grambo-cs373-wc.appspot.com/resources/img/TFpics/s_t09_29029329.jpg</source>
                    <description>image</description>
                </image>
				<image>
                    <source>http://grambo-cs373-wc.appspot.com/resources/img/TFpics/s_t10_29030057.jpg</source>
                    <description>image</description>
                </image>
				<image>
                    <source>http://grambo-cs373-wc.appspot.com/resources/img/TFpics/s_t11_RTR2S1DH.jpg</source>
                    <description>image</description>
                </image>
				<image>
                    <source>http://grambo-cs373-wc.appspot.com/resources/img/TFpics/s_t13_26124577.jpg</source>
                    <description>image</description>
                </image>
				<image>
                    <source>http://grambo-cs373-wc.appspot.com/resources/img/TFpics/s_t15_29029310.jpg</source>
                    <description>image</description>
                </image>
				<image>
                    <source>http://grambo-cs373-wc.appspot.com/resources/img/TFpics/s_t21_RTR2SKAU.jpg</source>
                    <description>image</description>
                </image>
				<image>
                    <source>http://grambo-cs373-wc.appspot.com/resources/img/TFpics/s_t23_RTR2SK9S.jpg</source>
                    <description>image</description>
                </image>
				<image>
                    <source>http://grambo-cs373-wc.appspot.com/resources/img/TFpics/s_t25_11127839.jpg</source>
                    <description>image</description>
                </image>
				<image>
                    <source>http://grambo-cs373-wc.appspot.com/resources/img/TFpics/s_t31_RTR2SFMV.jpg</source>
                    <description>image</description>
                </image>
				<image>
                    <source>http://grambo-cs373-wc.appspot.com/resources/img/TFpics/s_t37_RTR2SJXM.jpg</source>
                    <description>image</description>
                </image>
			</images>
            <maps>
                <map>
                    <source>http://globalvoicesonline.org/wp-content/uploads/2011/10/thai_flood_map.png</source>
                    <description>Thai Flood Map</description>
                </map>
                <map>
                    <source>http://www.mapsofworld.com/thailand/maps/thailand-flood-map.jpg</source>
                    <description>Thai Flood Map</description>
                </map>			
            </maps>
            <videos>
                <youtube>tWXnIXvHhCs</youtube>
            </videos>
            <social>
                <facebook>ThaiFloodEng</facebook>
                <twitter>@thaifloodeng</twitter>
            </social>
            <citations>
                <citation>
					<source>http://www.nytimes.com/</source>
					<description>New York Times</description>
				</citation>
                <citation>
					<source>http://en.wikipedia.org/wiki/2011_Thailand_floods</source>
					<description>Wikipedia article for this object</description>
				</citation>
                <citation>
					<source>http://www.google.org/crisisresponse/thailand-flood-2011.html</source>
					<description>Google Crisis Response</description>
				</citation>
                <citation>
					<source>http://www.boston.com/bigpicture/2011/10/thailand_flood_reaches_bangkok.html</source>
					<description>Thailand Flood Reaches Bangkok</description>
				</citation>
                <citation>
					<source>http://www.bbc.co.uk/news/world/</source>
					<description>BBC News</description>
				</citation>
                <citation>
					<source>http://www.theatlantic.com/</source>
					<description>The Atlantic</description>
				</citation>
                <citation>
					<source>http://www.cnn.com/</source>
					<description>CNN</description>
				</citation>
                <citation>
					<source>http://www.huffingtonpost.com/</source>
					<description>Huffington Post</description>
				</citation>
                <citation>
					<source>http://globalvoicesonline.org/</source>
					<description>Global Voices Online</description>
				</citation>
                <citation>
					<source>http://www.google.org/crisisresponse/thailand-flood-2011.html</source>
					<description>Google Crisis Response</description>
				</citation>
                <citation>
					<source>http://www.washingtonpost.com/</source>
					<description>Washingtonpost.com</description>
				</citation>
                <citation>
					<source>http://www.guardiannews.com/</source>
					<description>Guardian UK</description>
				</citation>
                <citation>
					<source>http://www.unicef.org/</source>
					<description>UNICEF</description>
				</citation>
			</citations>
            <external-links>
                <external-link>
                    <source>http://www.theatlantic.com/infocus/2011/10/worst-flooding-in-decades-swamps-thailand/100168/</source>
                    <description>Worst Flooding in Decades</description>
                </external-link> 
                <external-link>
                    <source>http://www.theatlantic.com/infocus/2011/11/thailands-disastrous-slow-moving-flood/100188/</source>
                    <description>Disastrous Slow Moving Flood</description>
                </external-link>
                <external-link>
                    <source>http://www.boston.com/bigpicture/2011/10/thailand_flood_reaches_bangkok.html</source>
                    <description>Thailand Flood Reaches Bangkok</description>
                </external-link>
                <external-link>
                    <source>http://www.huffingtonpost.com/2011/11/20/thailand-flooding-2011-death-toll_n_1103930.html#s486779</source>
                    <description>Thailand Flooding Death Toll</description>
                </external-link>
                <external-link>
                    <source>http://www.bbc.co.uk/news/world-asia-pacific-15491338</source>
                    <description>BBC Article</description>
                </external-link>
                <external-link>
                    <source>http://www.reuters.com/article/2011/10/26/us-thailand-floods-idUSTRE79K2XG20111026</source>
                    <description>Reuters Article</description>
                </external-link> 
                <external-link>
                    <source>http://www.guardian.co.uk/world/gallery/2011/oct/25/bangkok-flooding-waters-in-pictures#/?picture=380926679&amp;index=7</source>
                    <description>Bangkok Flooding Waters</description>
                </external-link>
            </external-links>
            <start-date>2011-06-01T12:00:00</start-date>
            <end-date>2012-01-01T12:00:00</end-date>
            <human-impact>
                <deaths>815</deaths>
                <missing>0</missing>
                <injured>720000</injured>
                <displaced>2400000000</displaced>
            </human-impact>
            <economic-impact>45000000000</economic-impact>
            <resources-needed>
                <resource>Cleanup teams</resource>
                <resource>flood mitigation projects</resource>
                <resource>survival packs with food, clean water, tissues, candles, lighters, and basic medication</resource>
                <resource>life vests</resource>
                <resource>pvc pipe for rafts</resource>
                <resource>industrial water pumps</resource>
                <resource>shelter</resource>
                <resource>ways to restore damaged infrastructure</resource>
                <resource>at least 1.5 million sandbags</resource>
                <resource>mosquito nets</resource>
            </resources-needed>
            <ways-to-help>
                <way>donate to Thai Red Cross</way>
            </ways-to-help>
            <person-refs>yingluck_shinawatra</person-refs>
        </crisis>
        <crisis id="california_wildfires">
            <name>2010 California Wildfires</name>
            <kind>natural disaster</kind>
            <description>The 2010 California wildfires are a series of seasonal wildfires active in the state of California, USA, during the year 2010.</description>
            <location>
                <state>CA</state>
                <country>United States of American</country>
            </location>
            <images>
                <image>
                    <source>http://media.cleveland.com/nationworld_impact/photo/california-wildfires-2jpg-2ba436abbe035ace.jpg</source>
                    <description>California Wildfires</description>
                </image>
                <image>
                    <source>http://worldlywise.pbworks.com/f/1274637620/wildfire1.jpg</source>
                    <description>Wildfire Images</description>
                </image>
                <image>
                    <source>http://news.nationalgeographic.com/news/2007/10/photogalleries/wildfire-pictures/images/primary/1_461.jpg</source>
                    <description>Primary Wildfire Images</description>
                </image>
                <image>
                    <source>http://www.nocaptionneeded.com/wp-content/uploads/2008/10/ca-wildfire-highway.png</source>
                    <description>Wildfire Highway</description>
                </image>
                <image>
                    <source>http://images.smh.com.au/2009/09/04/713640/600x400schwarzenegger-600x400.jpg</source>
                    <description>Schwarzenegger</description>
                </image>
            </images>
            <maps>
                <map>
                    <source>http://frap.cdf.ca.gov/webdata/maps/statewide/fhszs_map.pdf</source>
                    <description>FHSZS map</description>
                </map>
            </maps>
            <videos>
                <youtube>jyvVuqimOos</youtube>
                <youtube>Etp1t42Dezg</youtube>
            </videos>
            <citations>
                <citation>
					<source>http://www.fire.ca.gov/</source>
					<description>REdbook Final Complete</description>
				</citation>
                <citation>
					<source>http://calfire.ca.gov/fire_prevention/fire_prevention.php</source>
					<description>Fire Prevention Info</description>
				</citation>
                <citation>
					<source>http://edition.cnn.com/2010/US/07/30/california.wildfires/#fbid=SFdBZAPaznd</source>
					<description>Edition Article</description>
				</citation>
            </citations>
            <external-links>
                <external-link>
                    <source>http://cdfdata.fire.ca.gov/incidents/incidents_current</source>
                    <description>Current Incidents</description>
                </external-link>
            </external-links>
            <start-date>2010-10-10T12:00:00</start-date>
            <human-impact>
                <deaths>0</deaths>
                <missing>0</missing>
                <injured>0</injured>
                <displaced>8000</displaced>
            </human-impact>
            <economic-impact>3300000</economic-impact>
            <resources-needed>
                <resource>shelter</resource>
                <resource>medical care</resource>
                <resource>food </resource>
                <resource>water</resource>
                <resource>clothing</resource>
                <resource>counseling for displaced victims</resource>
                <resource>funds to help rebuild homes</resource>
                <resource>help finding employment for those who left there jobs</resource>
                <resource>funds for counseling</resource>
            </resources-needed>
            <ways-to-help>
                <way>donate money to American Red Cross</way>
            </ways-to-help>
            <person-refs>arnold_schwarzenegger</person-refs>
        </crisis>
        <crisis id="hurricane_andrew">
            <name>Huricane Andrew</name>
            <kind>Natural Disaster</kind>
            <description>Hurricane Andrew was a destructive tropical cyclone that was, at the time, the costliest hurricane in United States history. The fourth tropical cyclone, first named storm, and first hurricane of the 1992 Atlantic hurricane season, Andrew developed from a tropical wave over the central Atlantic on August 16.
            </description>
            <location>
                <state>FA</state>
                <country>United States of America</country>
            </location>
            <images>
                <image>
                    <source>http://upload.wikimedia.org/wikipedia/commons/thumb/5/54/Hurricane_andrew_fema_2563.jpg/800px-Hurricane_andrew_fema_2563.jpg</source>
                    <description>Demolished Neighborhood</description>
                </image>
                <image>
                    <source>http://weathersavvy.com/HurricaneAndrew2o.jpg</source>
                    <description>Board through a tree</description>
                </image>
                <image>
                    <source>http://www.srh.noaa.gov/images/mfl/events/andrew/hurricane-andrew-ir2.gif</source>
                    <description>Hurricane Andrew making landfall</description>
                </image>
            </images>
            <maps>
                <map>
                    <source>http://frap.cdf.ca.gov/webdata/maps/statewide/fhszs_map.pdf</source>
                    <description>FHSZS map</description>
                </map>
            </maps>
            <videos>
                <youtube>o0r784EAh44</youtube>
                <youtube>tI1Pp45yoKs</youtube>
            </videos>
            <citations>
                <citation>
					<source>http://www.nhc.noaa.gov/1992andrew.html</source>
					<description>Goverment Article</description>
				</citation>
            </citations>
			<external-links>
                <external-link>
                    <source>http://www.hurricanecity.com/andrew.htm</source>
                    <description>Hurricane Andrew</description>
                </external-link>
            </external-links>
            <start-date>1992-08-24T12:00:00</start-date>
            <end-date>1992-08-28T12:00:00</end-date>
            <human-impact>
                <deaths>41</deaths>
                <missing>0</missing>
                <displaced>300000</displaced>
            </human-impact>
            <economic-impact>25000000000</economic-impact>
            <resources-needed>
                <resource>Basic needs goods i.e. toiletries</resource>
                <resource>Food</resource>
                <resource>water</resource>
            </resources-needed>
            <ways-to-help>
                <way>Donate clothes through the Salvation army</way>
                <way>Donate food and water through the same</way>
            </ways-to-help>
            <organization-refs>uscg</organization-refs>
        </crisis>
        <crisis id="world_wide_water_shortage">
            <name>World Water shortage</name>
            <kind>Natural</kind>
            <description>A water crisis is a situation where the available potable, unpolluted water within a region is less than that region's demand.</description>
            <location>
                <country>Africa Haiti India</country>
            </location>
            <videos>
                <youtube>7kZ4oN8MOMA</youtube>
            </videos>
            <social>
                <facebook>water</facebook>
            </social>
            <citations>
                <citation>
					<source>http://water.org/</source>
					<description>Water.org Offical Website</description>
				</citation>
            </citations>
			<external-links>
                <external-link>
                    <source>http://water.org/</source>
                    <description>Water.org Offical Website</description>
                </external-link>
            </external-links>
			<start-date>1900-01-01T12:00:00</start-date>
            <human-impact>
                <deaths>3400000</deaths>
            </human-impact>
            <economic-impact>4000000</economic-impact>
            <resources-needed>
                <resource>funds for plumbing, water filtration, and water transportation</resource>
            </resources-needed>
            <ways-to-help>
                <way>donate money to water.org</way>
            </ways-to-help>
            <organization-refs>water_org</organization-refs>
            <person-refs>matt_damon</person-refs>
        </crisis>
	</crises>
    
    <organizations>
        <organization id="unicef">
            <name>UNICEF</name>
			<alternate-names>United Nations Children's Fund</alternate-names>
			<kind>Emergency Fund</kind>
			<description>UNICEF was created by the United Nations General Assembly on December 11, 1946, to provide emergency food and healthcare to children in countries that had been devastated by World War II. In 1954, UNICEF became a permanent part of the United Nations System and its name was shortened from the original United Nations International Children's Emergency Fund but it has continued to be known by the popular acronym based on this old name.</description>
            <location>
				<city>New York City</city> 
				<state>NY</state>
				<country>USA</country>
			</location>
            <images>
				<image>
					<source>http://www.un.org/News/dh/photos/large/2011/November/10-11-2011thailand.jpg</source>
					<description>UNICEF ramps up efforts to help flood victims in Thailand</description>
				</image>
				<image>
					<source>http://adsoftheworld.com/files/images/unicefDirtyWater.jpg</source>
					<description>Unicef / Tap Project: Dirty water</description>
				</image>
				<image>
					<source>http://a2.ec-images.myspacecdn.com/images01/1/198df6b6865f068b809ec044354eec89/l.png</source>
					<description>For every dollar raised, a child will have clean drinking water for 40 days</description>
				</image>
				<image>
					<source>http://a1.ec-images.myspacecdn.com/images01/122/ccc294ab2aea06c3ad2827dccdcf6ba1/l.jpg</source>
					<description>Laurence Fishburne supporting UNICEF</description>
				</image>
				<image>
					<source>http://a2.ec-images.myspacecdn.com/images01/101/7fa4d7afcb9310aabb95075bc11fe751/l.jpg</source>
					<description>Lucy Liu supporting UNICEF</description>
				</image>				
			</images>
            <maps>
				<map>
					<source>http://www.unep.org/geo2000/ov-e/ioe6.htm</source>
					<description>Water stress in Africa</description>
				</map>
				<map>
					<source>http://www.guardian.co.uk/news/datablog/interactive/2011/jun/27/data-store-water</source>
					<description>Global water stress - interactive</description>
				</map>				
			</maps>
            <videos>
				<youtube>54wQHjr5npw</youtube>
				<youtube>GrQVrmEUuKM</youtube>
				<youtube>Ug5OdN3QpJI</youtube>
			</videos>
			<social>
				<facebook>uniceftap</facebook>
				<twitter>@UNICEF</twitter>
				<youtube>UNICEFUSA</youtube>
			</social>
            <citations>
				<citation>
					<source>http://www.unicef.org/about/who/index_introduction.html</source>
					<description>UNICEF Description</description>
				</citation>
				<citation>
					<source>http://en.wikipedia.org/wiki/Unicef</source>
					<description>Wikipedia Article for UNICEF</description>
				</citation>
				<citation>
					<source>http://www.wateraid.org/international/what_we_do/statistics/default.asp</source>
					<description>783 million people in the world do not have access to safe water. This is roughly one in ten of the world's population.</description>
				</citation>	
			</citations>
			<external-links>
                <external-link>
                    <source>http://www.wateraid.org/international/what_we_do/statistics/default.asp/</source>
                    <description>wateraid</description>
                </external-link>
            </external-links>
            <address>125 Maiden Lane New York, NY 10038</address>
			<email>monthlygiving@unicefusa.org</email>
			<phone>800 367-5437</phone>
            <crisis-refs>thai_flood
				world_wide_water_shortage</crisis-refs>
		</organization>

        <organization id="uscg">
			<name>USCG</name>
			<alternate-names>United States Coast Guard</alternate-names>
            <kind>Military</kind>
			<description>The USCG is a branch of the United States Armed Forces. The Coast Guard is a maritime, military, multi-mission service unique among the U.S. military branches for having a maritime law enforcement mission as part of its mission set. It Operates under the Department of Homeland Security during peacetime, and can be transferred to the Department of the Navy by the President at any time, or by Congress during time of war.</description>
			<location>
				<country>USA</country>
			</location>
			<images>
                <image>
                    <source>http://usarmy.vo.llnwd.net/e2/rv5_images/katrina/highres/050908F_0QGQMa.jpg</source>
                    <description>U.S. Army Soldiers from the 82nd Airborne and U.S. Coast Guard personnel use a "Zodiac" to patrol the flooded streets of New Orleans, La., on Sept. 8, 2005, in search of Hurricane Katrina survivors that must be evacuated from the flooded city. </description>
                </image>
                <image>
                    <source>http://usarmy.vo.llnwd.net/e2/rv5_images/katrina/highres/1227685.jpg</source>
                    <description>A Coast Guard helicopter rescue crew and paramedics from the Mobile area assist a woman onto a gurney at the Coast Guard base here today. </description>
                </image>
            </images>
            <maps>
                <map>
                    <source>http://www.esri.com/news/arcnews/fall05articles/fall05gifs/gis-volunteers/gv1-lg.jpg</source>
                    <description>This map depicts the location of Coast Guard air evacuations during the early days of Hurricane Katrina rescue operations.</description>
                </map>
            </maps>
            <videos>
                <youtube>9899z9LzO2M</youtube>
            </videos>
            <social>
                <facebook>UScoastguard</facebook>
                <twitter>@uscoastguard</twitter>
                <youtube>USCGImagery</youtube>
            </social>
            <citations>
                <citation>
                    <source>http://en.wikipedia.org/wiki/United_States_Coast_Guard</source>
                    <description>Wikipedia article for US Coast Guard</description>
                </citation>
                <citation>
                    <source>http://www.gpo.gov/fdsys/pkg/PLAW-109publ141/pdf/PLAW-109publ141.pdf</source>
                    <description>Coast Guard Hurricane Relief Act of 2005</description>
                </citation>				
            </citations>
            <external-links>
                <external-link>
                    <source>http://www.defensemedianetwork.com/stories/the-u-s-coast-guards-role-in-national-incident-management/</source>
                    <description>The U.S. Coast Guard's role in National Incident Management</description>
                </external-link>
                <external-link>
                    <source>http://www.esri.com/news/arcnews/fall05articles/gis-volunteers.html</source>
                    <description>Coast Guard air evacuations</description>
                </external-link>
                <external-link>
                    <source>http://www.flickr.com/photos/coast_guard/</source>
                    <description>US Coast Guard flickr gallery</description>
                </external-link>			
            </external-links>
            <address>2100 2ND ST SW STOP 7238 WASHINGTON DC 20593-7238</address>
            <email>Scott.T.Price@uscg.mil</email>
            <phone>800-323-7233</phone>
            <crisis-refs>hurricane_andrew</crisis-refs>
            <person-refs>george_bush_sr</person-refs>
		</organization>	
        
        <organization id="water_org">
        <!-- common data -->
        <name>Water.org</name>
        <alternate-names>H20 Africa</alternate-names>
        <kind>Developmental Aid Organization</kind>
        <description>Co-founded by Matt Damon and Gary White, Water.org is a nonprofit organization that has transformed hundreds of communities in Africa, South Asia, and Central America by providing access to safe water and sanitation.</description>
        <location>
            <!-- either city/country, long/lat, or both (in this order) -->
            <city>Kansas City</city> 
            <state>MO</state>
            <country>USA</country>
        </location>
        <images>
            <!-- 0 or more of these -->
            <image>
                <source>http://water.org/media/post-images/thumbs/Woman_conducting_water_quality_testing_3.jpg.510x380_q85_crop-smart.jpg</source>
                <description>Woman conducting water testing</description>
            </image>
            <image>
                <source>http://water.org/media/post-images/thumbs/DSCN1764_new.jpg.510x380_q85_crop-smart.jpg</source>
                <description>Urban Water Collection in Haiti</description>
            </image>
            <image>
                <source>http://water.org/media/post-images/thumbs/IMG_2141RAlly_World_Water_Day_001.jpg.510x380_q85_crop-smart.jpg</source>
                <description>Kids Spreading The World</description>
            </image>
            <image>
                <source>http://water.org/media/post-images/thumbs/6854390744_29d3e7b776_z.jpg.510x380_q85_crop-smart.jpg</source>
                <description>A New Start in Haiti</description>
            </image>
            <image>
                <source>http://water.org/media/post-images/thumbs/image2-m.jpg.510x380_q85_crop-smart.jpg</source>
                <description>Letebrehan Gerezgiher is 24 years old and has three kids; Maytsada village is living in this small village. She says,I used to travel two hours in the dry season in search of water and then, without taking a rest, prepare food for my children and husband, clean the house yard, and wash the children.</description>
            </image>
            <image>
                <source>http://kcpt.org/thelocalshow/files/2010/12/mattdamonbottle.jpg</source>
                <description>Matt Damon Bottle</description>
            </image>
            <image>
                <source>http://kcpt.org/thelocalshow/files/2010/12/Gary-White.jpg</source>
                <description>Delivering Water to Developing Countries: Gary White</description>
            </image>
        </images>
        <maps>
            <map>
                <source>http://www.charitywater.org/projects/map/</source>
                <description>This map shows all completed charity: water projects up to date</description>
            </map>
            <map>
                <source>http://www.worldwater.org/conflict/map/</source>
                <description>Water Conflict Chronology Map</description>
            </map>
        </maps>
        <videos>
            <youtube>s5FHyDJEzhc</youtube>
            <youtube>m8O-TAE9zMQ</youtube>
            <youtube>7kZ4oN8MOMA</youtube>
            <youtube>CezkRO3_r0c</youtube>
        </videos>
        <social>
            <!-- 0 or more of these -->
            <facebook>water</facebook>
            <!-- 0 or more of these -->
            <twitter>@Water</twitter>
            <!-- 0 or more of these -->
            <youtube>water</youtube>
        </social>
        <citations>
            <!-- 0 or more of these -->
            <citation>
                <source>http://en.wikipedia.org/wiki/Water.org</source>
                <description>Wikipedia article for water.org</description>
            </citation>
            <citation>
                <source>http://water.org</source>
                <description>Water.org website</description>
            </citation>
        </citations>
        <external-links>
            <!-- 0 or more of these -->
            <external-link>
                <source>http://water.org</source>
                <description>Water.org website</description>
            </external-link>
            <external-link>
                <source>http://www.huffingtonpost.com/2011/03/03/matt-damon-water-org_n_830930.html</source>
                <description>Matt Damon, Co-Founder Of Water.org, Speaks Out About Global Water Crisis</description>
            </external-link>
            <external-link>
                <source>http://www.flickr.com/photos/waterdotorg/</source>
                <description>Water.org flickr gallery</description>
            </external-link>
        </external-links>
        <!-- end common data -->
        <address>920 Main St. Ste. 1800 Kansas City, MO 64105 USA</address>
        <phone>816-877-8400</phone>
        <crisis-refs>world_wide_water_shortage</crisis-refs>
        <person-refs>matt_damon</person-refs>
    </organization>    
        <organization id="california_community_foundation">
			<name>California Community Foundation</name>
			<alternate-names>Southern California Wildfire Relief Fund</alternate-names>
			<kind>Emergency Fund</kind>
			<description>The California Community Foundation (CCF) is a leading philanthropic organization in the United States, managing $1.24 billion in assets and granting more than $100 million to nonprofit organizations in Los Angeles County and causes around the world.</description>
			<location>
				<!-- either city/country, long/lat, or both (in this order) -->
				<city>Los Angeles</city> 
				<state>CA</state>
				<country>USA</country>
			</location>
			<images>
				<image>
					<source>https://www.calfund.org/view.image?Id=900</source>
					<description>Firefighter fighting wildfire</description>
				</image>
				<image>
					<source>https://www.calfund.org/view.image?Id=769</source>
					<description>Southern California Wildfire Relief Fund</description>
				</image>
			</images>
            <social>
                <facebook>calfund</facebook>
                <twitter>@calfund</twitter>
            </social>
            <citations>
                <!-- 0 or more of these -->
                <citation>
                    <source>http://en.wikipedia.org/wiki/California_Community_Foundation</source>
                    <description>Wikipedia article for California Community Foundation</description>
                </citation>
                <citation>
                    <source>http://www.pacificresearch.org/press/governor-schwarzenegger-creates-the-california-complete-count-committee</source>
                    <description>Governor Schwarzenegger Creates the California Complete Count Committee, including California Community Foundation</description>
                </citation>
            </citations>
            <external-links>
                <!-- 0 or more of these -->
                <external-link>
                    <source>https://www.calfund.org/</source>
                    <description>California Community Foundation website</description>
                </external-link>
                <external-link>
                    <source>https://www.calfund.org/page.aspx?pid=660</source>
                    <description>Southern California Wildfire Relief Fund page</description>
                </external-link>
                <external-link>
                    <source>https://www.calfund.org/page.aspx?pid=837</source>
                    <description>Southern California Wildfire Relief Fund Donation page</description>
                </external-link>
                <external-link>
                    <source>https://www.calfund.org/document.doc?id=65</source>
                    <description>Foundation Commits Initial $150,000 To Wildfire Relief</description>
                </external-link>
            </external-links>
            <!-- end common data -->
            <address>California Community Foundation, 221 S. Figueroa St., Suite 400 Los Angeles, CA 90012</address>
            <email>nbaker@calfund.org</email>
            <phone>213-413-4130</phone>
            <crisis-refs>california_wildfires</crisis-refs>
            <person-refs>arnold_schwarzenegger</person-refs>                        
        </organization>
	</organizations>
    <people>
        <person id="yingluck_shinawatra">
            <name>Yingluck Shinawatra</name>
            <kind>Prime Minister</kind>
            <description>Thai businesswoman and politician, member of the Pheu Thai Party, and the 28th and current Prime Minister of Thailandfollowing the 2011 general election. Yingluck is Thailand's first female Prime Minister and at 44 is the youngest Prime Minister of Thailand in over 60 years.</description>
            <location>
                <city>Bangkok</city>
                <country>Thailand</country>
            </location>
            <images>
                <image>
                    <source>http://static.guim.co.uk/sys-images/Politics/Pix/pictures/2012/1/24/1327428661947/Yingluck-Shinawatra-007.jpg</source>
                    <description>Yingluck Shinawatra</description>
                </image>
            </images>
            <videos>
                <youtube>wqpBrD5MH70</youtube>
            </videos>
            <social>
                <facebook>Y.Shinawatra</facebook>
                <twitter>@pouyingluck</twitter>
            </social>
            <citations>
                <citation>
                    <source>http://en.wikipedia.org/wiki/Yingluck_Shinawatra</source>
                    <description>Wikipedia article</description>
                </citation>
            </citations>
            <external-links>
                <external-link>
                    <source>http://www.bbc.co.uk/news/world-asia-pacific-13723451</source>
                    <description>BBC Article</description>
                </external-link>
                <external-link>
                    <source>http://www.forbes.com/profile/yingluck-shinawatra/</source>
                    <description>Forbes Article</description>
                </external-link>
            </external-links>
            <crisis-refs>thai_flood</crisis-refs>
		</person>
        <person id="matt_damon">
            <name>Matt Damon</name>
            <kind>Actor</kind>
            <description>Matthew Paige Damon was born on October 8, 1970, in Boston Massachusetts to Kent Damon, a stockbroker, Realtor and tax preparer, and Nancy Carlsson-Paige, an early childhood education professor at Lesley University. Matt has an older brother named Kyle who is now a sculptor. The family lived in Newton until his parents divorced, when Damon and his brother moved with his mother to Cambridge. It was here that Damon met his close friend and collaborator Ben Affleck, who lived in the neighborhood. He attended Harvard University as an English major, but dropped out to pursue acting. He garnered accolades for Good Will Hunting (1997), based on a screenplay he had originally written while at Harvard. Directed by Gus Van Sant, the film was nominated for nine Academy Awards, and he and Affleck won the Oscar for Best Original Screenplay. In the following years, Damon went on to star in many high profile films, including Saving Private Ryan (1998), The Talented Mr. Ripley (1999), as well as the successful crime drama Ocean's Eleven (2001) and its two sequels. Perhaps Damon's most recognizable work to date is his role as an amnesiac assassin in The Bourne Trilogy. Other highly acclaimed movies include The Departed (2006), The Good Shepherd (2006), and Invictus (2009), which earned him an Oscar nomination for Best Supporting Actor. Damon has been outspoken with his political views and humanitarian work. He co-founded the H20 Africa Foundation, the Not On Our Watch Project, and supports the ONE Campaign, which helps to fight AIDS and poverty in Third World countries. Matt is married to Luciana Barroso. They have four daughters: Alexia, Isabella, Gia, and Stella.</description>
            <location>
                <city>New York City</city>
                <state>NY</state>
                <country>United States</country>
            </location>
            <images>
                <image>
                    <source>http://blog.chron.com/txpotomac/files/2012/04/Matt-Damon.jpg</source>
                    <description>Matt Damon</description>
                </image>
                <image>
                    <source>http://www.etonline.com/media/photo/2009/07/101000/400_mdamon_ethiopia_090714_water.jpg</source>
                    <description>With the Kids</description>
                </image>
                <image>
                    <source>http://mattsmoviethoughts.files.wordpress.com/2011/09/4122-23957.gif</source>
                    <description>In Saving Private Ryan</description>
                </image>
            </images>
            <videos>
                <youtube>X40N1JP1G-8</youtube>
                <youtube>dGdBo2qDuwU</youtube>
                <youtube>dfmDx-mida4</youtube>
            </videos>
            <social>
                <facebook>mattdamaonoff</facebook>
                <twitter>@realmattdamon_</twitter>
            </social>
            <citations>
                <citation>
                    <source>http://www.wikipedia.org/</source>
                    <description>Wikipedia article for this object</description>
                </citation>
            </citations>
			<external-links>
                <external-link>
                    <source>http://www.wikipedia.org/</source>
                    <description>Wikipedia article for this object</description>
                </external-link>
            </external-links>
	        <crisis-refs>world_wide_water_shortage</crisis-refs>
			<organization-refs>water_org</organization-refs>
		</person>
        <person id="george_bush_sr">
            <name>George H.W. Bush</name>
            <kind>Former US President</kind>
            <description>Born on June 12, 1924, in Milton, Massachusetts, George H.W. Bush fought in WWII and was elected to the U.S. House of Representatives. He was Ronald Reagan's VP for two terms and then won the 1998 presidential race, losing his bid for a second term to Bill Clinton. He has since made appearances for George W. Bush, his oldest son, and started the Bush-Clinton Katrina Fund with President Clinton. Bush lives in Houston, Texas with his wife Barbara. Married since 1945, they have had six children: George, Robin, Jeb, Neil, Marvin, and Dorothy.</description>
            <location>
                <city>Houston</city>
                <state>TX</state>
                <country>United States</country>
            </location>
            <images>
                <image>
                    <source>http://www.biography.com/imported/images/Biography/Images/Profiles/B/George-H-Walker-Bush-38066-1-402.jpg</source>
                    <description>George Bush Sr.</description>
                </image>
                <image>
                    <source>http://img.scoop.co.nz/stories/images/0909/fefc686794b124628cd5.jpeg</source>
                    <description>With the Troops</description>
                </image>
                <image>
                    <source>http://images.politico.com/global/2012/08/120823_bush_andrew_ap_328_605.jpg</source>
                    <description>Helping with Hurricane Andrew</description>
                </image>
            </images>
            <videos>
                <youtube>i1sFHZXQ9nU</youtube>
                <youtube>IFrnQHaQWoA</youtube>
                <youtube>4S2ptmXsxzs</youtube>
            </videos>
            <social>
                <facebook>georgebush41</facebook>
            </social>
            <citations>
                <citation>
                    <source>http://www.biography.com/people/george-herbert-walker-bush-38066</source>
                    <description>Biogrpahy.com Article</description>
                </citation>
            </citations>
			<external-links>
                <external-link>
                    <source>http://www.biography.com/people/george-herbert-walker-bush-3806/</source>
                    <description>Biogrpahy.com Article</description>
                </external-link>
            </external-links>
			<crisis-refs>hurricane_andrew</crisis-refs>
        </person>
        <person id="arnold_schwarzenegger">
            <name>Arnold Schwarzenegger</name>
            <kind>Actor, Politician</kind>
            <description>Growing up in a small, isolated village in Austria, he turned to bodybuilding as his ticket to a better life. Prior to that he served a mandatory one year in the Austrian military (beginning in 1965). After conquering the world as arguably the greatest bodybuilder who ever lived, he went to America to make his name in motion pictures. Hampered by his impossible name and thick accent, success eluded him for many years. It wasn't until he found the tailor-made role of Conan that he truly came into his own as a performer. A succession of over-the-top action films made him an international box office star. By alternating violent action films with lighter, comedic fare, he has solidified his position as one of the most popular - if not the most popular - movie stars in the world. After his long, and successful movie career, he ran in the California recall. He is now the Governor of California, yet another celebrity to be elected to the position.</description>
            <location>
                <city>Los Angeles</city>
                <state>CA</state>
                <country>United States</country>
            </location>
            <images>
                <image>
                    <source>http://img.dailymail.co.uk/i/pix/2007/10_04/arnieAP_468x312.jpg</source>
                    <description>Overlooking the Fires</description>
                </image>
                <image>
                    <source>http://www.nationalguard.mil/news/archives/2008/07/images/070908-governor_visits-full.jpg</source>
                    <description>Giving a Speech</description>
                </image>
                <image>
                    <source>http://www.schwarzenegger.com/images/made/assets/uploads/images/index/0730201003_608_334_c1.jpg</source>
                    <description>With the Fire Department</description>
                </image>
            </images>
            <videos>
                <youtube>xEQfuTpxQEE</youtube>
                <youtube>khAMAf2-7rs</youtube>
            </videos>
            <social>
                <facebook>joinarnold</facebook>
                <twitter>@Schwarzenegger</twitter>
                <youtube>GovSchwarzenegger</youtube>
            </social>
            <citations>
                <citation>
                    <source>http://en.wikipedia.org/wiki/Arnold_Schwarzenegger</source>
                    <description>Wikipedia Article</description>
                </citation>
                    <citation>
                        <source>http://www.imdb.com/name/nm0000216/bio</source>
                        <description>IMDB</description>
                </citation>
            </citations>
			<external-links>
                <external-link>
                    <source>http://en.wikipedia.org/wiki/Arnold_Schwarzenegge</source>
                    <description>Wikipedia Article</description>
                </external-link>
            </external-links>
			<crisis-refs>california_wildfires</crisis-refs>
		</person>
    </people> 
    
</world-crises>
