<world-crises>
	<crises>	
		<crisis id="zombie_apocalypse">
			<name>Zombie Apocalypse</name>
			<kind>Unnatural worldwide pandemic</kind>
			<description>
			The reserection of the departed, as brought on by virus or the end of days.  The beginning of the end when the dead walk umong men and consume the flesh of the living, in particular the brain.  <!-- someone expand on this -->
			</description>
			<location>
				<country>World Wide</country>
			</location>
			<images>
				<image>
					<source>http://blogs.cdc.gov/publichealthmatters/files/2011/05/blogbanner_zombieprep_560x140.jpg</source>
					<description>Zombie Apocalypse Preparedness</description>
				</image>
				<image>
					<source>http://images5.fanpop.com/image/photos/31400000/Related-xD-zombie-apocalypse-team-31487534-750-600.jpg</source>
					<description>Zombie Apocalypse meme</description>
				</image>
				<image>
					<source>http://peglock.com/wp-content/uploads/2011/03/Zombie-Apocalypse-all-ranges.jpg</source>
					<description>Zombie Preparedness Kit part 1</description>
				</image>
				<image>
					<source>http://cdn.hiconsumption.com/wp-content/uploads/2012/07/Z.E.R.O.-Zombie-Apocalypse-Kit.jpg</source>
					<description>Zombie Preparedness Kit part 2</description>
				</image>
				<image>
					<source>http://cdn.hiconsumption.com/wp-content/uploads/2012/09/Zombie-Apocalypse-Defense-M48-Series-Axe-and-Spike.jpg</source>
					<description>Zombie Preparedness Kit part 3</description>
				</image>
				<image>
					<source>http://cdn.lolzbook.com/wp-content/uploads/2012/11/The-worst-thing-about-the-Zombie-Apocalypse.png</source>
					<description>Worst thing about the Zombie Apocalypse</description>
				</image>
			</images>
			<maps>
				<map>
					<source>http://media.gizmodo.co.uk/wp-content/uploads/2011/11/medium_7405aeb5cc412d621925ef4ee32f606f.png</source>
					<description>Zombie outbreak map</description>
				</map>
			</maps>
			<videos>
				<youtube>y6ZZU1ulITw</youtube>
				<youtube>mJmqiFTW6xs</youtube>
			</videos>
			<social>
			</social>
			<citations>
				<citation>
					<source>http://blogs.cdc.gov/publichealthmatters/2011/05/preparedness-101-zombie-apocalypse/</source>
					<description>Preparedness 101: Zombie Apocalypse</description>
				</citation>
				<citation>
					<source>http://www.horror-movies.ca/horror_16631.html</source>
					<description>Rules for surviving the Zombie Apocalypse</description>
				</citation>
				<citation>
					<source>http://zombieresponseteam.net/</source>
					<description>Zombie Response team</description>
				</citation>
			</citations>
			<external-links>
				<external-link>
					<source>http://www.wwzrt.com/</source>
					<description>World Wide Zombie response team</description>
				</external-link>
			</external-links>
			<start-date>2010-10-10T12:00:00</start-date>
			<human-impact>
				<deaths>4000000000000</deaths>
				<missing>1000000000000</missing>
				<injured>0</injured>
				<displaced>1500000000000</displaced>
			</human-impact>
			<economic-impact>0</economic-impact>
			<resources-needed>
				<resource>easily and highly defendable shelter</resource>
				<resource>people with medical knowledge</resource>
				<resource>food</resource>
				<resource>water</resource>
				<resource>clothing</resource>
				<resource>light weight armor</resource>
				<resource>equipment to build baricades</resource>
				<resource>Ammunition</resource>
				<resource>weapons</resource>
			</resources-needed>
			<ways-to-help>
				<way>Recognize how awesome the CDC is for putting up a Zombie preparedness website!</way>
				<way>Run</way>
				<way>Hide</way>
				<way>Help other survivors</way>
				<way>Set up as many safe houses along the way to help other survivors as possible</way>
				<way>Keep a close eye on the other survivors in your party</way>
				<way>Check every person in your party, for bites, after every attack even if they were no where near the action</way>
			</ways-to-help>
			<!-- <person-refs>arnold_schwarzenegger</person-refs> -->
		</crisis>
	</crises>
	<organizations>
	</organizations>
	<people>
	</people>
</world-crises>
